query_language,tier,relation_sides,marker_ok,lang_consistent,script_detected_lang,relevance_hit_count,relevance_hits,title,year,type_label,venue,authors,doi,url,abstract_snippet
en,relaxed,arab,True,True,en,1,['halal tourism'],“This Year We Will Ski in Dubai:” Halal Tourism and Good Religiosity Among Abidjan’s Upper-Class Muslims,2022,期刊论文,Cahiers d'études africaines,Marie Nathalie LeBlanc,10.4000/etudesafricaines.40257,https://doi.org/10.4000/etudesafricaines.40257,"In this article, I propose to look at how class belonging, and shared notions of good religiosity are intertwined in the context of current ways to assert oneself as a “good Muslim.” Based on ethnogra"
en,relaxed,china,True,True,en,0,[],Non-place making: Chinese tourists’ production of tourist spaces through social media,2025,期刊论文,Tourism Geographies,Yan Tan,10.1080/14616688.2025.2606129,https://doi.org/10.1080/14616688.2025.2606129,
en,relaxed,china,True,True,en,0,[],Serosurvey of SARS-CoV-2 among hospital visitors in China,2020,期刊论文,Cell Research,Wenhua Liang; Yongping Lin; Jianping Bi; Jianfu Li; Ying Liang; Sook-San Wong; Mark Zanin; Zifeng Yang; Caichen Li; Ran Zhong; Guowu Jiang; Guang Han; Desheng Hu; Jianxing He; Nanshan Zhong,10.1038/s41422-020-0371-0,https://doi.org/10.1038/s41422-020-0371-0,
en,relaxed,china,True,True,en,0,[],ENHANCING TOURISM INDUSTRY PERFORMANCE IN HAINAN: PATHWAYS ANALYSIS AND IMPLICATIONS OF CHINESE EXPERIENCE FOR CENTRAL ASIAN COUNTRIES' TOURISM DEVELOPMENT,2025,期刊论文,Bulletin of Kyrgyz State University named after I. Arabaev,K.Zh. Abdykadyrov; Chen Song; Zhang Jian,10.33514/1694-7851-2025-2/1-746-752,https://doi.org/10.33514/1694-7851-2025-2/1-746-752,"As a major tourism province, Hainan's tourism industry has demonstrated suboptimal performance. This paper conducts a comprehensive analysis of the current status of Hainan's tourism sector, identifyi"
en,relaxed,china,True,True,en,0,[],"Cultural heritage preservation using new media methods: Yingxian Wooden Pagoda, China",2019,期刊论文,Virtual Archaeology Review,Daniel Shenghan Lai; Anthony K.H. Leung; Dennis Chan; Steve H. Ching,10.4995/var.2019.11071,https://doi.org/10.4995/var.2019.11071,"&lt;p&gt;Architectural landmarks that represent a culture’s identity are also sanctuaries for cultural heritage preservation. The tallest and oldest wooden multi-story structure in the world, the Ying"
en,relaxed,arab,True,True,en,0,[],Marketing strategies for the tourism industry in the United Arab Emirates after the COVID-19 era,2023,期刊论文,Worldwide Hospitality and Tourism Themes,Usha Seshadri; Pranav Kumar; Anu Vij; Tabani Ndlovu,10.1108/whatt-10-2022-0120,https://doi.org/10.1108/whatt-10-2022-0120,"Purpose This paper reviews the challenging trends in the tourism sector of the UAE brought about by the Covid-19 pandemic. In so doing, it highlights a radical shift in the consumption of travel produ"
en,relaxed,china,True,True,en,0,[],A study of segmentation of cannabis-oriented tourists from China based on motivation,2019,期刊论文,Current Issues in Tourism,Jun Wen; Fang Meng; Tianyu Ying; Yaniv Belhassen,10.1080/13683500.2019.1584608,https://doi.org/10.1080/13683500.2019.1584608,
en,relaxed,china,True,True,en,0,[],Managing Cultural Heritage in China: A View from the Outside,2012,期刊论文,The China Quarterly,Luca Zan; Sara Bonini Baraldi,10.1017/s0305741012000434,https://doi.org/10.1017/s0305741012000434,Abstract This article investigates change processes regarding the managerial aspects of organizing cultural heritage activities in China. The focus is not on the historical and artistic meanings of ar
en,relaxed,arab,True,True,en,1,['halal tourism'],Halal Tourism in Indonesia: Does it attract only Muslim Tourists?,2017,期刊论文,Jurnal Studi Komunikasi (Indonesian Journal of Communications Studies),Oktifani Winarti,10.25139/jsk.v1i3.139,https://doi.org/10.25139/jsk.v1i3.139,"Indonesian Halal Tourism became a raising mode to attract Muslim Tourist by Ministry of Tourism Republic Indonesia. Indonesia, as a non-Muslim country by nation ideology, tries to highlight the spirit"
en,relaxed,china,True,True,en,0,[],Will tourists travel to post-disaster destinations? A case of 2019 Australian bushfires from a Chinese tourists' perspective,2025,图书章节,Dark Tourism,Jun Wen; Tianyu Ying; Diep Nguyen; Stephen Teo,10.4324/9781003587729-13,https://doi.org/10.4324/9781003587729-13,
en,relaxed,arab,True,True,en,0,[],Capturing the role of environmental triggers in destination evangelism: tourists’ perspectives from Oman,2025,期刊论文,Journal of Hospitality and Tourism Insights,Mohammad Soliman; Maha K. Al-Balushi; Rowan Kennedy; Mei Peng Low,10.1108/jhti-03-2025-0368,https://doi.org/10.1108/jhti-03-2025-0368,"Purpose Drawing on the social cognitive theory and place attachment theory, this research aims to investigate how environmental sustainability awareness influences environmental attitude and destinati"
en,relaxed,arab,True,True,en,1,['halal tourism'],Halal tourism: state of the art,2019,期刊论文,Tourism Review,Alfonso Vargas-Sánchez; María Moral-Moral,10.1108/tr-01-2018-0015,https://doi.org/10.1108/tr-01-2018-0015,"Purpose Halal tourism is a growing segment that represents a potentially attractive niche. However, although increasing, it is still a young and residual area of academic research. This paper aims to "
en,relaxed,china,True,True,en,0,[],"Cultural heritage, ethnic tourism, and minority-state relations amongst the Orochen in north-east China",2019,期刊论文,International Journal of Heritage Studies,Richard Fraser,10.1080/13527258.2019.1620830,https://doi.org/10.1080/13527258.2019.1620830,
en,relaxed,china,True,True,en,0,[],How Political Perceptions Affect Attitudes Toward Tourism: A Study of Chinese Generations,2018,期刊论文,Tourism Analysis,Shangzhi (Charles) Qiu; Yunzi Zhang; Liping Cai,10.3727/108354218x15391984820404,https://doi.org/10.3727/108354218x15391984820404,"Based on the case of Chinese tourists' travel to Japan, this study is aimed at providing more insight on the relationship between international politics and travel decisions. This study identifies the"
en,relaxed,china,True,True,en,0,[],An analysis of the cross-cultural exchange of tea culture between China and East Asian countries,2024,图书章节,"XXV International Scientific Conference “China and East Asia: Philosophy, Literature, Culture”. June 5—6, 24",Чжу Юйжу.,10.48647/icca.2024.57.18.072,https://doi.org/10.48647/icca.2024.57.18.072,
en,relaxed,china,True,True,en,0,[],Film Tourism Planning Based on Chinese Generation Z Tourists’ Preference for Budapest,2022,期刊论文,Turisztikai és Vidékfejlesztési Tanulmányok,Budapest Business School; Shi Junfeng; Éva Erdélyi; Budapest Business School,10.15170/tvt.2022.07.02.08,https://doi.org/10.15170/tvt.2022.07.02.08,
en,relaxed,china,True,True,en,0,[],Antifungal activity evaluation of three traditional Chinese herbs against biodeterioration of cultural heritage,2025,期刊论文,International Biodeterioration &amp; Biodegradation,Tianxiao Li; Huabing Zhang; Xiang Tan; Rui Zhang; Fasi Wu; Zongren Yu; Bomin Su,10.1016/j.ibiod.2025.106093,https://doi.org/10.1016/j.ibiod.2025.106093,
en,relaxed,china,True,True,en,0,[],The Preference of Chinese Tourists in Choosing Accommodation in Badung Regency,2020,期刊论文,Journal of Business on Hospitality and Tourism,Agung Sri Sulistyawat; Fanny Maharani Suarka,10.22334/jbhost.v6i2.230,https://doi.org/10.22334/jbhost.v6i2.230,"This study determines the characteristics and preferences of Chinese tourists in choosing accommodations in Badung district. Based on the Bali Central Bureau of Statistics 2016-2018, there is an incre"
en,relaxed,china,True,True,en,0,[],China tourism: cross-cultural studies,2016,期刊论文,Journal of Tourism and Cultural Change,Qi Yan,10.1080/14766825.2016.1193260,https://doi.org/10.1080/14766825.2016.1193260,
en,relaxed,arab,True,True,en,1,['!arab cultural heritage tourism'],From Universal Principles to Local Practices in Heritage Conservation: Comparative Perspectives from the Arab World,2026,期刊论文,International Journal of Conservation Science,"Department of Architectural Engineering, College of Engineering, University of Sharjah, P.O. Box 27272, Sharjah, United Arab Emirates; Department of City Planning and Design, Jordan University of Science and Technology, Irbid, P.O. Box 22110, Jordan; Monther Jamhawi; Reyhan Sabri; Department of Architectural Engineering, College of Engineering, University of Sharjah, P.O. Box 27272, Sharjah, United Arab Emirates; Nizar Aladarbeh; Department of Architectural Engineering, College of Engineering, University of Sharjah, P.O. Box 27272, Sharjah, United Arab Emirates; Sara Farouq; Department of Architectural Engineering, College of Engineering, University of Sharjah, P.O. Box 27272, Sharjah, United Arab Emirates; Fatima Alsuwaidi; Department of Architectural Engineering, College of Engineering, ",10.36868/ijcs.2026.02.15,https://doi.org/10.36868/ijcs.2026.02.15,This paper explores the complex relationship between universal conservation frameworks and the evolution of heritage practices in the Arab world. It focuses on the conflict between internationally sta
